Name,ID,Attachments,Factions
No Hair,0,No Hair.PNG (https://v5.airtableusercontent.com/v1/18/18/1689026400000/wvCQU6WRqlshckw7nc8AkA/tMNkU_SZP-cx0w9V196zFmTk5d-Of4QQJ0FJ2l6dbDv6QD5ObcvpmbDifIMqqO3iW94GSkbs7Uw2G2vTJgyav-ymUNnm9Ph_aeDuHKMuit8/SU2Bqcq2uaMTP2l7Av_jSVVeM4qwrjST4KRFJ86-BDU),"Jalapeno Bots,Pickles,Sanchevastes,Sludgeservants,The Fatherhood,Sysco Employees,Others,Peaky Blinders,Saul Goodman's Clientele,Time Lords,House Lannister,Sandwich Artists,Verizon Representative,AT&T Representatives,zAll,Subway Managers,Subway Customers,SLB Employees,ICOMM Employees,Yesters,House Stark,House Martell,House Bolton,House Baratheon,House Mormont,Sith,Jedi,Rebel Alliance,The Empire,Bounty Hunters,Dark Army,Targothiites,Osmans,Bolivian Mobsters,Salamancas,E-Corp Executives,Social Justice Warriors,Enlightened Centrists,DEA,Chechen Mobsters,Capitalists,Gerhardts,Guilty Remnant,Los Pollos Hermanos Employees,MAGAs,Incels,Cryptobros,Communists,Vampires,Thalmor,Thieves Guild,Greybeards,Vought Supes,Demon Hunters,Imperials,Mages,Necromancers,Paladins,Dark Brotherhood,White Walkers,Wildlings"
Short Stubble,1,Short Stubble.PNG (https://v5.airtableusercontent.com/v1/18/18/1689026400000/aPwWCLKpQsDSR5aBEJpQDQ/-9e1y8mX61uQ24tIb1CUaAfgo0GcqEecxFK9cB9Dg4uyypZlBqUWTT0pHS5MHdDc0zCtb8YWFjR3cesgWOP3NLcOko7s3wUw7yWQGRGW7hM/r1p2DjHUiS_52-0OZWDUxWumUsULcHGT4LHQKDfyj9k),"Jalapeno Bots,Pickles,Sanchevastes,The Fatherhood,Sysco Employees,Others,Peaky Blinders,Saul Goodman's Clientele,Time Lords,House Lannister,Sandwich Artists,Verizon Representative,AT&T Representatives,zAll,Subway Managers,Subway Customers,SLB Employees,ICOMM Employees,House Stark,House Martell,House Bolton,House Baratheon,House Mormont,Sith,Jedi,Rebel Alliance,Targothiites,Twitch Chatters,Bolivian Mobsters,Salamancas,E-Corp Executives,Social Justice Warriors,Enlightened Centrists,DEA,Chechen Mobsters,Capitalists,Gerhardts,Guilty Remnant,Los Pollos Hermanos Employees,Cryptobros,Communists,Vampires,Thalmor,Thieves Guild,Vought Supes,Demon Hunters,Imperials,Mages,Necromancers,Paladins,Dark Brotherhood"
Medium Stubble,2,Medium Stubble.PNG (https://v5.airtableusercontent.com/v1/18/18/1689026400000/fgKv9RMgx4Y37gb0iaaP0A/nKUaX6gKc8OPQorKWfsrXlidCDZmB81zanjxkfbgikV33eOVRBBMzpnP_z3X4oRZCTUftNIPqLdxm9NfvTL7royKsfNZLcNDzEDsJ6qGugg/qkdJLBHtQ8lHi6mHvKPRF6crDJvq-PGyMFs_ZeSuBbc),"Jalapeno Bots,Pickles,Sanchevastes,The Fatherhood,Sysco Employees,Others,Peaky Blinders,Saul Goodman's Clientele,Time Lords,House Lannister,Sandwich Artists,Verizon Representative,AT&T Representatives,zAll,Subway Managers,Subway Customers,SLB Employees,ICOMM Employees,House Stark,House Martell,House Bolton,House Baratheon,House Mormont,Jedi,Rebel Alliance,The Empire,Bounty Hunters,Dark Army,Targothiites,Twitch Chatters,Bolivian Mobsters,Salamancas,Social Justice Warriors,Enlightened Centrists,DEA,Chechen Mobsters,Capitalists,Gerhardts,Guilty Remnant,Los Pollos Hermanos Employees,Cryptobros,Communists,Vampires,Thieves Guild,Vought Supes,Demon Hunters,Imperials,Mages,Necromancers,Paladins,Dark Brotherhood"
Dark Stubble,3,Dark Stubble.PNG (https://v5.airtableusercontent.com/v1/18/18/1689026400000/pm-bPckYBxkHs5HJ4jMEfw/PqQ9-giQ3PYocePAMKlb8BRIKH7oNqOpaQGqNp_xS9uayEuUbc8TJMStRbMyTLi_bKfAxk4wp-cAKIj6yGZT6te1K_kFqHRl-r9ArFDkk5k/Mh7ilGSf0lYbbPepG5N2wCXoxbZqPoVNmZWcT8yr2vo),"Jalapeno Bots,Pickles,Sanchevastes,The Fatherhood,Sysco Employees,Others,Peaky Blinders,Saul Goodman's Clientele,Time Lords,House Lannister,Sandwich Artists,Verizon Representative,AT&T Representatives,zAll,Subway Managers,Subway Customers,SLB Employees,ICOMM Employees,House Stark,House Martell,House Bolton,House Baratheon,House Mormont,Sith,Jedi,Rebel Alliance,The Empire,Dark Army,Waystar Royco,Targothiites,American Illegals,Bolivian Mobsters,Salamancas,E-Corp Executives,Social Justice Warriors,Enlightened Centrists,DEA,Capitalists,Gerhardts,Guilty Remnant,Los Pollos Hermanos Employees,Cryptobros,Communists,Thalmor,Thieves Guild,Vought Supes,Demon Hunters,Imperials,Mages,Necromancers,Paladins,Dark Brotherhood,White Walkers"
Dark Recessed Stubble,4,Dark Recessed Stubble.PNG (https://v5.airtableusercontent.com/v1/18/18/1689026400000/-UW8e9ydUse7m0t-S-NIdA/-H0-vbF7n8u-zx7iGuFw03cKtCg1qbxJ5XhFHkc5Yd6WfPh7gTs32IBXjIX3kyJWHvDUmuALZwzCkJlKPYJF7nf_6rhZEuJGJa9MowRu40o/Kd-uy2MfZmdpZcz4eBz-V_1vpftGKVg9cdWTOo-DVSw),"Jalapeno Bots,Pickles,Sanchevastes,The Fatherhood,Sysco Employees,Others,Saul Goodman's Clientele,Time Lords,House Lannister,Sandwich Artists,Verizon Representative,AT&T Representatives,zAll,Subway Managers,Subway Customers,SLB Employees,ICOMM Employees,House Stark,House Martell,House Bolton,House Baratheon,House Mormont,Jedi,Rebel Alliance,The Empire,Waystar Royco,Targothiites,Twitch Chatters,American Illegals,Bolivian Mobsters,Salamancas,E-Corp Executives,Social Justice Warriors,Enlightened Centrists,DEA,Capitalists,Gerhardts,Guilty Remnant,Los Pollos Hermanos Employees,Cryptobros,Communists,Thieves Guild,Vought Supes,Demon Hunters,Imperials,Mages,Necromancers,Paladins,Dark Brotherhood"
Balding Stubble,5,Balding Stubble.PNG (https://v5.airtableusercontent.com/v1/18/18/1689026400000/xEby3TCMgyRohBaKCOp3fA/CEVhArUgfFnfyxr5gBNn-9Wq2WkbVqG4SgPoe_Q3zQJE4g0dc01Jkox-ta3z9bL6CqjDPzmGtH9cj5d5obHKbSr6B9GKjIHxPBGqRdkrAyo/LEAcntvgrBRBqtkR82NjrfDy7P7F09wM_QryNx7DeoU),"Jalapeno Bots,Pickles,Sanchevastes,The Fatherhood,Sysco Employees,Others,Saul Goodman's Clientele,Time Lords,House Lannister,Sandwich Artists,Verizon Representative,AT&T Representatives,zAll,Subway Managers,Subway Customers,SLB Employees,ICOMM Employees,House Stark,House Martell,House Frey,House Bolton,House Baratheon,House Mormont,Jedi,Rebel Alliance,Targothiites,Bolivian Mobsters,Salamancas,Social Justice Warriors,Enlightened Centrists,DEA,Capitalists,Gerhardts,Guilty Remnant,Los Pollos Hermanos Employees,MAGAs,Incels,Communists,Vampires,Thieves Guild,Vought Supes,Demon Hunters,Imperials,Mages,Necromancers,Paladins"
Short Buzz,6,Short Buzz.PNG (https://v5.airtableusercontent.com/v1/18/18/1689026400000/coSSrKNQ_vj1Rqqp_fIDvA/Du0e8sVkTN1-wHUplWjDdzxPEnT2NgytkUvQj1EQMayZC31HiyllU7YvJfE9vBM1Q7Bci_YAxImfYqeyG4eQWTthQZiIwcoSAFcRpIBg-RE/aYaZ9tR4aP1jWyrVo-a_f1ZDIi6q0mX_umE89cnsoPM),"Jalapeno Bots,Pickles,Sanchevastes,The Fatherhood,Sysco Employees,Others,Peaky Blinders,Saul Goodman's Clientele,Time Lords,House Lannister,Sandwich Artists,Verizon Representative,AT&T Representatives,zAll,Subway Managers,Subway Customers,SLB Employees,ICOMM Employees,House Stark,House Martell,House Bolton,House Baratheon,House Mormont,Sith,Jedi,Rebel Alliance,Waystar Royco,Targothiites,Twitch Chatters,American Illegals,Bolivian Mobsters,Salamancas,E-Corp Executives,Social Justice Warriors,Enlightened Centrists,DEA,Capitalists,Gerhardts,Guilty Remnant,Los Pollos Hermanos Employees,MAGAs,Incels,Cryptobros,Communists,Thalmor,Thieves Guild,Vought Supes,Demon Hunters,Imperials,Mages,Necromancers,Paladins,Dark Brotherhood"
Buzz,7,Buzz.PNG (https://v5.airtableusercontent.com/v1/18/18/1689026400000/6d9O_y0wONb4XC-_Cs_nww/tLGAFptwYHjYvLq2zUm33L5f3_VE7ceFEGpEeyAxXSXNur-RGDte_R2Xl2hOTP5uCbMYmauF0v9fdrxgwc7CnQ/IyumCrYLtw0uo1_DP2Yv4ShHOrA-ocFQb5_2NLRZoj0),"Jalapeno Bots,Pickles,Sanchevastes,The Fatherhood,Sysco Employees,Others,Peaky Blinders,Saul Goodman's Clientele,Time Lords,House Lannister,Sandwich Artists,Verizon Representative,AT&T Representatives,zAll,Subway Managers,Subway Customers,SLB Employees,ICOMM Employees,House Stark,House Martell,House Bolton,House Baratheon,House Mormont,Sith,Jedi,Rebel Alliance,The Empire,Waystar Royco,Targothiites,Habsburgs,American Illegals,Bolivian Mobsters,Salamancas,E-Corp Executives,Social Justice Warriors,Enlightened Centrists,DEA,Capitalists,Gerhardts,Guilty Remnant,Los Pollos Hermanos Employees,MAGAs,Incels,Cryptobros,Communists,Thalmor,Thieves Guild,Vought Supes,Demon Hunters,Imperials,Mages,Necromancers,Paladins,Dark Brotherhood"
Widow's Peak Buzz,8,Widow-s Peak Buzz.PNG (https://v5.airtableusercontent.com/v1/18/18/1689026400000/jtT_xHPpG9nk08Mgm8I6ug/r6bC5BXFeTih1rV3bzxyFGy9OF5WLHvckPSgLV8ORY1P8O5jHJmGCC_xg-xaaXfTj3OStHT0dPSK7FU0xmqUSPrd2f3Bl3acl478D-_ErM0/F3nz0nGJCGrYszuIU2bMvvCMdhj6r9PCMBfDN8So2C8),"Jalapeno Bots,Pickles,Sanchevastes,The Fatherhood,Sysco Employees,Others,Saul Goodman's Clientele,Time Lords,House Lannister,Sandwich Artists,Verizon Representative,zAll,Subway Managers,Subway Customers,SLB Employees,ICOMM Employees,House Stark,House Bolton,House Baratheon,House Mormont,Jedi,Rebel Alliance,Waystar Royco,Targothiites,Hogwarts Professors,Twitch Chatters,American Illegals,Bolivian Mobsters,Salamancas,E-Corp Executives,Social Justice Warriors,Enlightened Centrists,DEA,Chechen Mobsters,Capitalists,Gerhardts,Guilty Remnant,Los Pollos Hermanos Employees,MAGAs,Incels,Communists,Thieves Guild,Vought Supes,Demon Hunters,Imperials,Mages,Necromancers,Paladins"
Balding Buzz,9,Balding Buzz.PNG (https://v5.airtableusercontent.com/v1/18/18/1689026400000/SoT81oJVyMpMLkbc523HvA/oRbl8BVad_G-PJpYnLHsxNi-b7eRCdmGhRYSLik6snOkhBAtOdqOkl9FJNPm7wC6GhBKLTZY2FP5EY33O9oJTfz5p6_rRFeKo5_zvXYJhtc/JA8q2mELz_9VEcLAU79GhlEeIHF_kta5HAmqHEPm2sQ),"Jalapeno Bots,Pickles,Sanchevastes,The Fatherhood,Sysco Employees,Others,Peaky Blinders,Saul Goodman's Clientele,Time Lords,House Lannister,Sandwich Artists,Verizon Representative,AT&T Representatives,zAll,Subway Managers,Subway Customers,SLB Employees,ICOMM Employees,House Stark,House Martell,House Frey,House Bolton,House Baratheon,House Mormont,Sith,Jedi,Rebel Alliance,Targothiites,Bolivian Mobsters,Salamancas,Social Justice Warriors,Enlightened Centrists,DEA,Chechen Mobsters,Capitalists,Gerhardts,Guilty Remnant,Los Pollos Hermanos Employees,MAGAs,Incels,Communists,Vampires,Thieves Guild,Vought Supes,Demon Hunters,Imperials,Mages,Necromancers,Paladins"
Natural Waves,10,Natural Waves.PNG (https://v5.airtableusercontent.com/v1/18/18/1689026400000/rywT7IRCOly8OVKj-0QABQ/KkfbrtkWlpH4hlE3hsXtQFwQHUOtaFY5GUaPDaKAZmiV2jOD4UafyPg0InyF1inIUDCSDaVecZidL8ngjhuk5XomF2s0Xg1c0p9x0BvbFjY/TZldiED-0yRwwDgR6DSOhtSfYTmESNaMxLgVxOfGMt0),"Jalapeno Bots,Pickles,Sanchevastes,The Fatherhood,Sysco Employees,Others,Saul Goodman's Clientele,Time Lords,House Lannister,Sandwich Artists,Verizon Representative,AT&T Representatives,zAll,Subway Managers,Subway Customers,SLB Employees,ICOMM Employees,House Stark,House Martell,House Bolton,House Baratheon,House Mormont,Jedi,Rebel Alliance,The Empire,Bounty Hunters,Dark Army,Targothiites,Bolivian Mobsters,Salamancas,E-Corp Executives,Social Justice Warriors,Enlightened Centrists,DEA,Capitalists,Gerhardts,Guilty Remnant,Los Pollos Hermanos Employees,Cryptobros,Communists,Thalmor,Thieves Guild,Vought Supes,Demon Hunters,Imperials,Mages,Necromancers,Paladins,Dark Brotherhood"
Natural Patches,11,Natural Patches.PNG (https://v5.airtableusercontent.com/v1/18/18/1689026400000/flu70FpjmJb1G8XyG51xnw/BDWMP0FCXZLBPT7EPX81fMijQ7gmLvUVNpTxnmWP-P2eElNFx8OXSKl-rLQDFw7Hlp5G7H6lJR-teFaoXoQvyRWKY34HZ2BkY_3WfVDbp2o/LRsV47H5Xp-DmN-a1N3oXvyLjXD3usFdMiGRI0wKVNU),"Jalapeno Bots,Pickles,Sanchevastes,The Fatherhood,Sysco Employees,Others,Saul Goodman's Clientele,Time Lords,House Lannister,Sandwich Artists,Verizon Representative,zAll,Subway Managers,Subway Customers,SLB Employees,ICOMM Employees,House Martell,House Frey,Jedi,Rebel Alliance,Targothiites,Hogwarts Professors,Twitch Chatters,Bolivian Mobsters,Salamancas,E-Corp Executives,American Illegals,Social Justice Warriors,Enlightened Centrists,DEA,Chechen Mobsters,Capitalists,Gerhardts,Guilty Remnant,Los Pollos Hermanos Employees,MAGAs,Incels,Cryptobros,Communists,Thieves Guild,Vought Supes,Demon Hunters,Mages,Necromancers"
Natural Part,12,Natural Part.PNG (https://v5.airtableusercontent.com/v1/18/18/1689026400000/y5VBurMRqLWfUrRKubvQsA/WFlNC-klLiaO4pwwDCnIfkOkX6yO2ArcM025V7vBuJZ7DiEQiukCj2fCxjL7Wr5c4F2Hk9Uo9sKcdvmX_kbJkjms_t4_XPp8DN1SwlXE4wA/oTQaDb-X8f_78aLgp7nAUUZ6gljhiaRtRLigIudbk6Y),"Jalapeno Bots,Pickles,Sanchevastes,The Fatherhood,Sysco Employees,Others,Saul Goodman's Clientele,Time Lords,House Lannister,Sandwich Artists,Verizon Representative,AT&T Representatives,zAll,Subway Managers,Subway Customers,SLB Employees,ICOMM Employees,Yesters,House Martell,Jedi,Rebel Alliance,Bounty Hunters,Targothiites,Bolivian Mobsters,Salamancas,Social Justice Warriors,Enlightened Centrists,DEA,Capitalists,Gerhardts,Guilty Remnant,Los Pollos Hermanos Employees,Communists,Warlocks,Druids,Vampires,Thieves Guild,Vought Supes,Demon Hunters,Imperials,Lichs,Mages,Necromancers,Dark Brotherhood,White Walkers"
Natural Fauxhawk,13,Natural Fauxhawk.PNG (https://v5.airtableusercontent.com/v1/18/18/1689026400000/cF1AzLRFcpdqEsI8tcItiA/pbRw5ok6wXhMfrABB-fB3dqgHI9z3Wfxv_N75iF5JgPIw0hh6ZpU2EJdNeig1XAlek8yGZZQrqLLaivra9FZePxD0Bentpr-P2qUnVSkiPc/cz8TbINxcHkscsiach59VecY8rOSUWk2foFwA3vO5nY),"Jalapeno Bots,Pickles,Sanchevastes,The Fatherhood,Sysco Employees,Others,Saul Goodman's Clientele,Time Lords,House Lannister,Sandwich Artists,Verizon Representative,zAll,Subway Managers,Subway Customers,SLB Employees,ICOMM Employees,House Martell,House Frey,Jedi,Rebel Alliance,Waystar Royco,Targothiites,Twitch Chatters,American Illegals,Bolivian Mobsters,Salamancas,E-Corp Executives,Social Justice Warriors,Enlightened Centrists,DEA,Capitalists,Gerhardts,Guilty Remnant,Los Pollos Hermanos Employees,MAGAs,Incels,Cryptobros,Communists,Thieves Guild,Vought Supes,Demon Hunters,Mages,Necromancers"
Natural Balding,14,Natural Balding.PNG (https://v5.airtableusercontent.com/v1/18/18/1689026400000/qTD26TtPLwf2Sds3k7QnVQ/L5WjKQMbteFQPEAb_vTeRdWcqOb1EUQbQ3cvbyGTaqYdsvF3VevmUuSW8R6X8MCWu9MYKogfRdSIjuMtvX3cK9xXIjWjDH_wD0VPLRCv3EQ/NTyLC_6I6NzwUEkmkfQwFt9Me8qgyYOcnicNKeqED78),"Jalapeno Bots,Pickles,Sanchevastes,The Fatherhood,Sysco Employees,Others,Saul Goodman's Clientele,Time Lords,House Lannister,Sandwich Artists,Verizon Representative,zAll,Subway Managers,Subway Customers,SLB Employees,ICOMM Employees,House Martell,House Baratheon,Jedi,Rebel Alliance,Targothiites,Twitch Chatters,Bolivian Mobsters,Salamancas,Social Justice Warriors,Enlightened Centrists,DEA,Capitalists,Gerhardts,Guilty Remnant,Los Pollos Hermanos Employees,Communists,Vampires,Thieves Guild,Vought Supes,Demon Hunters,Mages,Necromancers"
Thick Cornrows,15,Thick Cornrows.PNG (https://v5.airtableusercontent.com/v1/18/18/1689026400000/X2Ykj5VHyhOGWuKdrsDYog/FU4IHu7KneVOhJxF2NEWCG6qTL5mEuCFzwMZu-7cAIKROMXjIwRctIXjd3P_GkqdQ6bZMux589GbFE6BUKn-LqXYoMGOOldQj822GBgoB54/_6A1QC7_zUGAa7UiXXwNljlcF4u3AHizF1a89RLvpi8),"Jalapeno Bots,Nocturnals,Pickles,Saul Goodman's Clientele,AT&T Representatives,zAll,Subway Customers,Jedi,Rebel Alliance,Bounty Hunters,Targothiites,Social Justice Warriors,Enlightened Centrists,Capitalists,Communists,Thieves Guild,Vought Supes,Demon Hunters,Mages,Necromancers,Dark Brotherhood"
Thin Cornrows,16,Thin Cornrows.PNG (https://v5.airtableusercontent.com/v1/18/18/1689026400000/3W_zgs63IdQjjpoHCeZ21Q/1PqdL6PukMMlgPxkHlyNBCIfiFgJnqxclq5T5l-LCVgHqXVkTKdwf2mpz6UNkwW_WE99aSs2nHtX0UIbhEYo1-Eu2Eq5JFKyqurjiBKXLp4/ue45XSIB05K9hTGq1Ru2mc9JYUiD85PLb2i1V6KkVmw),"Jalapeno Bots,Nocturnals,Pickles,Saul Goodman's Clientele,AT&T Representatives,zAll,Subway Customers,Jedi,Rebel Alliance,Targothiites,Social Justice Warriors,Enlightened Centrists,Capitalists,Communists,Thieves Guild,Vought Supes,Demon Hunters,Mages,Necromancers"
Afro,17,Afro.PNG (https://v5.airtableusercontent.com/v1/18/18/1689026400000/qgoFJ_X3Vyco4DH1viRUSg/rRoFXkwHsEMWeHiAW1zfwZ4RN1cvV-7WuF2iq7_ObrUFHozNYf45SPZQGvKxgQ4_iZBH7Y1eZQC9vCjYiqIcKw/i5d1-H2ke0UTvKEBcU7dOXFDUxrVoI8BnRwTY8SV-F4),"Jalapeno Bots,Nocturnals,Pickles,Sysco Employees,Saul Goodman's Clientele,AT&T Representatives,zAll,Subway Customers,Jedi,Rebel Alliance,Waystar Royco,Targothiites,Twitch Chatters,American Illegals,E-Corp Executives,Social Justice Warriors,Enlightened Centrists,Capitalists,Cryptobros,Communists,Thieves Guild,Vought Supes,Demon Hunters,Mages,Necromancers"
Messy,18,Messy.PNG (https://v5.airtableusercontent.com/v1/18/18/1689026400000/1sCdK0FsovxfA8U6vNhGFg/8XYP3lkxbzEqiCxX1j78l6DXO2KNr5_ygqnlXIFYr5DDUjXyAC8Urq8VaQNBZSzgi2im5uUo5TYuBLjLzebUQwMt9cBGSaLY0QrPyVPy32A/yjvVU35j-6R4NvNonufrWRgFbVNfv1ORqnQQJhJhd28),"Jalapeno Bots,Pickles,Sanchevastes,The Fatherhood,Sysco Employees,Others,Peaky Blinders,Saul Goodman's Clientele,Time Lords,House Lannister,zAll,Subway Customers,House Stark,House Martell,House Greyjoy,House Frey,House Bolton,House Baratheon,House Mormont,Jedi,Rebel Alliance,Bounty Hunters,Targothiites,Habsburgs,Twitch Chatters,Bolivian Mobsters,Salamancas,Social Justice Warriors,Enlightened Centrists,DEA,Capitalists,Gerhardts,Guilty Remnant,Los Pollos Hermanos Employees,MAGAs,Incels,Communists,Warlocks,Druids,Thieves Guild,Stormcloaks,Greybeards,Vought Supes,Demon Hunters,Imperials,Lichs,Mages,Necromancers,Paladins,Dark Brotherhood,White Walkers,Wildlings"
Twisties,19,Twisties.PNG (https://v5.airtableusercontent.com/v1/18/18/1689026400000/eN93jZI6y-9f73c_Q3O1gw/R6bUu6EetZKx3AUZTkYakPAida6baQw_X5ne-_s8VT7nAbg_UiaVcpuoYw5Fp5RtwNIGwHTW4_4gkTYsC46EpEil2A-YIITKmgGcHVKlYXI/mSrNziLwbJH5VuLT6FqCdyYmQWgA9sPhGLIyClNgTTA),"Jalapeno Bots,Pickles,Sanchevastes,The Fatherhood,Sysco Employees,Others,Saul Goodman's Clientele,Time Lords,House Lannister,zAll,Subway Customers,House Stark,House Martell,House Bolton,House Baratheon,House Mormont,Jedi,Rebel Alliance,Bounty Hunters,Targothiites,Hogwarts Professors,Death Eaters,Habsburgs,Bolivian Mobsters,Salamancas,Social Justice Warriors,Enlightened Centrists,DEA,Capitalists,Gerhardts,Guilty Remnant,Los Pollos Hermanos Employees,Communists,Warlocks,Druids,Thieves Guild,Greybeards,Vought Supes,Demon Hunters,Imperials,Lichs,Mages,Necromancers,Paladins,Wildlings"
Short Dreads,20,Short Dreads.PNG (https://v5.airtableusercontent.com/v1/18/18/1689026400000/KhBYE0-cn1ncDIgK-a4DWg/NlgRNlq1ZUJTVCWV3QAbleOiWrmVaKT1UiWxW7Azw8Qmo7Ce5y7HVvrGEmVxoBofyyIHGQ6Vr5kAwV_Rg-tLutZ5DplDr40mBZbUpsOgskU/moIVJYbTqg4xMoqBgxmEDaUSnrlqdKj-Xr6w-TJuKzk),"Jalapeno Bots,Nocturnals,Pickles,Sludgeservants,Saul Goodman's Clientele,AT&T Representatives,zAll,Subway Customers,House Targaryen,House Greyjoy,Sith,Jedi,Rebel Alliance,Bounty Hunters,Targothiites,Social Justice Warriors,Enlightened Centrists,Capitalists,Communists,Warlocks,Druids,Thieves Guild,Vought Supes,Demon Hunters,Lichs,Mages,Necromancers,White Walkers,Wildlings"
Medium Dreads,21,Medium Dreads.PNG (https://v5.airtableusercontent.com/v1/18/18/1689026400000/ZXC6Z6KIaokpYy3C5I2AAA/nagdqzYgqsZN1bWVYaRREq9JtGQ29mUoU6MJkEsc4y_E4VyXGktmIpG99y01fnYauPWHR9Ryvhj6MG-xnJ4v8H4DBDMYAB7to27drESErFc/OHFFsJefJup4TKtk-BCym4LpioH0Yx4HQgSfNchdRj8),"Jalapeno Bots,Nocturnals,Pickles,Saul Goodman's Clientele,AT&T Representatives,zAll,Subway Customers,House Greyjoy,Jedi,Rebel Alliance,Bounty Hunters,Targothiites,Social Justice Warriors,Enlightened Centrists,Capitalists,Communists,Warlocks,Druids,Thieves Guild,Vought Supes,Demon Hunters,Lichs,Mages,Necromancers,Dark Brotherhood,Wildlings"
Tied Dreads,22,Tied Dreads.PNG (https://v5.airtableusercontent.com/v1/18/18/1689026400000/QddBkadoJfaofUSuujgVuQ/6sGuoD7POww5ugqtNHD_0BBYeGhVo6jypHkHyIzM0q0LX_gk2dtWM9j0dDs5Dc-fdsvkvpZfAAApd1bFkShfA2cu1e4i0nu-o9IRL3V3inE/1yBqGa6mcl_U88KHNe8RyBTPHNyoLE8q_q4VPRkDIOI),"Jalapeno Bots,Nocturnals,Pickles,Saul Goodman's Clientele,AT&T Representatives,zAll,Subway Customers,Jedi,Rebel Alliance,Targothiites,Social Justice Warriors,Enlightened Centrists,Capitalists,Communists,Warlocks,Druids,Thieves Guild,Stormcloaks,Vought Supes,Demon Hunters,Lichs,Mages,Necromancers,Dark Brotherhood"
Dreads Tail,23,Dreads Tail.PNG (https://v5.airtableusercontent.com/v1/18/18/1689026400000/MiiPo0IR6S27-cnf-YeIbg/64huQ58kDuNYgfGqzLWagygTxg0g2lHk4SPfICmENdslNy9EZOYnWtnrzVi3ht8lqYfwCmDrPcLnhSSaqqzXqHAiRsXJSWN8ZmUyNnu5Mnc/ZRy3Mn6DjOlF9q_tCQXjkBakTF_hZ7J96NgEc0HfA2c),"Jalapeno Bots,Nocturnals,Pickles,Saul Goodman's Clientele,zAll,Subway Customers,Jedi,Rebel Alliance,Targothiites,Social Justice Warriors,Enlightened Centrists,Capitalists,Communists,Thieves Guild,Stormcloaks,Vought Supes,Demon Hunters,Mages,Necromancers"
Mop,24,Mop.PNG (https://v5.airtableusercontent.com/v1/18/18/1689026400000/6Gnv6gJ7xxiRfdCcEbA-aw/io7jSDcI3SlggLJ_CgL__dsjy-hUPqXPNcYpmuEdQigJ-uyEBkEbaSVWNGPBH4tzpluCuXkQmAp9sC1A2SLllQ/nRlHK55pTAnM-prEUhJ2Mslcrbdw3TVrdxZE3HtW52U),"Jalapeno Bots,Pickles,Sanchevastes,The Fatherhood,Sysco Employees,Others,Saul Goodman's Clientele,Time Lords,House Lannister,zAll,Subway Customers,House Martell,House Frey,Jedi,Rebel Alliance,Targothiites,Bolivian Mobsters,Salamancas,Social Justice Warriors,Enlightened Centrists,DEA,Capitalists,Gerhardts,Guilty Remnant,Los Pollos Hermanos Employees,Communists,Warlocks,Druids,Thieves Guild,Stormcloaks,Vought Supes,Demon Hunters,Lichs,Mages,Necromancers"
Mop Tail,25,Mop Tail.PNG (https://v5.airtableusercontent.com/v1/18/18/1689026400000/FD_NKBe8Xr5gdGLTPsKoVg/U7n81i2wQKXHPHju_UiDv1v19tKLtSdwDNQOjq40G-efUpAR-L2AylzW1ZEnMimv2Fz0oGAsF0BGKqTq8sAcylAkXQyg949RQwAQBdwopAM/j0w2hEphjqGwFhSFj2Fy9AeqhwB8hwdT43xnmKCl5MI),"Jalapeno Bots,Pickles,Saul Goodman's Clientele,zAll,Subway Customers,Jedi,Rebel Alliance,Targothiites,Social Justice Warriors,Enlightened Centrists,Capitalists,Communists,Thieves Guild,Vought Supes,Demon Hunters,Mages,Necromancers"
Straight Short,26,Straight Short.PNG (https://v5.airtableusercontent.com/v1/18/18/1689026400000/ngIuX7mMQODQBLZCWYYOdQ/dL5GakyynjaoMXKuqGpqFkTwM1rFNMBre0lwR-OfIcLD-as3LaewE41bLesdjKHCxQE5-i9bdLHuejAJztumVj8l9qe7xrBK6Co-3GPfjYg/jIcZ3F18r4YcfiePYPjUc_cFunkAyw908FGPXEkKAs4),"Jalapeno Bots,Pickles,Sanchevastes,The Fatherhood,Sysco Employees,Others,Peaky Blinders,Saul Goodman's Clientele,Time Lords,House Lannister,Sandwich Artists,Verizon Representative,zAll,Subway Managers,Subway Customers,SLB Employees,ICOMM Employees,House Stark,House Martell,House Bolton,House Baratheon,House Mormont,Jedi,Rebel Alliance,Waystar Royco,Targothiites,Twitch Chatters,American Illegals,Bolivian Mobsters,Salamancas,E-Corp Executives,Social Justice Warriors,Enlightened Centrists,DEA,Capitalists,Gerhardts,Guilty Remnant,Los Pollos Hermanos Employees,Cryptobros,Communists,Thalmor,Thieves Guild,Vought Supes,Demon Hunters,Imperials,Mages,Necromancers,Paladins"
Straight Long,27,Straight Long.PNG (https://v5.airtableusercontent.com/v1/18/18/1689026400000/tHKoYkxSVKiamNDOB-VscA/paJU1nBkNyfifaXI1p5FZHbq6tYfwSnAmDGqmRsT946xni6WTyEQHkwdMPLHrphm9oRJgDY4GY7zlwlZKUIoOJntixJE2jGQIuwA46PLkog/m3lDxI1925gGSdvSYfeZakR3ia2CkH-SXyCUvY9vFeM),"Jalapeno Bots,Pickles,Sanchevastes,The Fatherhood,Sysco Employees,Others,Peaky Blinders,Saul Goodman's Clientele,Time Lords,House Lannister,zAll,Subway Customers,House Targaryen,House Stark,House Martell,House Greyjoy,House Frey,House Bolton,House Baratheon,House Mormont,Sith,Jedi,Rebel Alliance,Targothiites,Hogwarts Professors,Habsburgs,Bolivian Mobsters,Salamancas,American Illegals,Social Justice Warriors,Enlightened Centrists,DEA,Capitalists,Gerhardts,Guilty Remnant,Los Pollos Hermanos Employees,Communists,Warlocks,Druids,Thieves Guild,Stormcloaks,Greybeards,Vought Supes,Demon Hunters,Imperials,Lichs,Mages,Necromancers,Paladins,Dark Brotherhood,White Walkers,Wildlings"
Straight Flat,28,Straight Flat.PNG (https://v5.airtableusercontent.com/v1/18/18/1689026400000/Ub8C6MGej1Cja5cfPqxLXA/jMr5vEyNhC96CCMARsNfnDg2wq4oXcYQAZtUkPnhFC0tk0dv7zYzzRtGBIVJyi4RiNZ-5deUVV9N17oNh2FMddn-eFGAUcQU16UgeULvBhA/32uMGWwJUE52vGqjE_1kvipQUH7aZ4hGxU46Su2kpKY),"Jalapeno Bots,Pickles,Sanchevastes,The Fatherhood,Sysco Employees,Others,Peaky Blinders,Saul Goodman's Clientele,Time Lords,House Lannister,Sandwich Artists,Verizon Representative,zAll,Subway Managers,Subway Customers,SLB Employees,ICOMM Employees,House Stark,House Martell,House Bolton,House Baratheon,House Mormont,Sith,Jedi,Rebel Alliance,Bounty Hunters,Waystar Royco,Targothiites,American Illegals,Bolivian Mobsters,Salamancas,E-Corp Executives,Social Justice Warriors,Enlightened Centrists,DEA,Chechen Mobsters,Capitalists,Gerhardts,Guilty Remnant,Los Pollos Hermanos Employees,Cryptobros,Communists,Thalmor,Thieves Guild,Vought Supes,Demon Hunters,Imperials,Mages,Necromancers,Paladins,Dark Brotherhood"
Straight Part,29,Straight Part.PNG (https://v5.airtableusercontent.com/v1/18/18/1689026400000/GLQDCBAjvxyBCX3HCROoIg/HrJc6i1WsMYd8Q5p90_3qTrYx5Z2NskaqPfjNAvL13BtURXucmuovSQCSjdawPPdxxWAz0jovQ0NMFWFY14Kq7xlXEqF56xbLtmR46DhC7E/sijd0h3TeqPlxCTk2amWNBxIkq8iaeKdqfC_kXE8iDs),"Jalapeno Bots,Pickles,Sanchevastes,The Fatherhood,Sysco Employees,Others,Peaky Blinders,Saul Goodman's Clientele,Time Lords,House Lannister,Verizon Representative,zAll,Subway Customers,House Stark,House Martell,House Bolton,House Baratheon,House Mormont,Jedi,Rebel Alliance,The Empire,Waystar Royco,Targothiites,Twitch Chatters,American Illegals,Bolivian Mobsters,Salamancas,E-Corp Executives,Social Justice Warriors,Enlightened Centrists,DEA,Capitalists,Gerhardts,Guilty Remnant,Los Pollos Hermanos Employees,Cryptobros,Communists,Thieves Guild,Vought Supes,Imperials,Mages,Necromancers,Paladins,Dark Brotherhood"
Straight Tail,30,Straight Tail.PNG (https://v5.airtableusercontent.com/v1/18/18/1689026400000/3HQ-Ed1UVC_wrzzkSpO61A/OZcFWxD6TE9wHXHP8FcA9u39kGQN863FzRS5iMJ7sNypr3QqQS-x7c5PJK1YMMdwBEMLs8j-lFAIxcGK-8h4ujjBhC04GuSDMahrFxWysUM/PjLXJGrLFyAAnZ3mfrRePqVZWRNY2U_ZMzyHwMzDnOM),"Naras,Jalapeno Bots,Pickles,Sanchevastes,The Fatherhood,Others,Peaky Blinders,Saul Goodman's Clientele,Time Lords,House Lannister,zAll,Subway Customers,House Targaryen,House Stark,House Martell,House Bolton,House Baratheon,House Mormont,Sith,Jedi,Rebel Alliance,Bounty Hunters,Dark Army,Targothiites,Hogwarts Professors,Osmans,Bolivian Mobsters,Salamancas,Social Justice Warriors,Enlightened Centrists,DEA,Capitalists,Gerhardts,Guilty Remnant,Los Pollos Hermanos Employees,Communists,Warlocks,Druids,Vampires,Thalmor,Thieves Guild,Greybeards,Vought Supes,Demon Hunters,Imperials,Lichs,Mages,Necromancers,Paladins,Dark Brotherhood,Dothraki,Wildlings"
Straight Balding,31,Straight Balding.PNG (https://v5.airtableusercontent.com/v1/18/18/1689026400000/M0beQSv21wXzn_C-EV9-zA/mSfKRBXPxo6IVRznaDOMKP37EdDK2DTkM2NSs4CqVYkluFcHno0X94lNEQ1naeXFThBsWuagAxby2kM19dOhnnRQknZ0OkwZm39J3FlOfUM/tkyta5J84gx8RhTSwGNPJXPxYH_SrY4ed1XT7Yjz7GQ),"Jalapeno Bots,Pickles,Sanchevastes,The Fatherhood,Sysco Employees,Others,Saul Goodman's Clientele,Time Lords,House Lannister,Sandwich Artists,Verizon Representative,zAll,Subway Managers,Subway Customers,SLB Employees,ICOMM Employees,House Stark,House Martell,House Frey,House Bolton,House Baratheon,House Mormont,Jedi,Rebel Alliance,Targothiites,Twitch Chatters,Bolivian Mobsters,Salamancas,Social Justice Warriors,Enlightened Centrists,DEA,Chechen Mobsters,Capitalists,Gerhardts,Guilty Remnant,Los Pollos Hermanos Employees,Communists,Vampires,Thieves Guild,Vought Supes,Demon Hunters,Imperials,Mages,Necromancers,Paladins"
Spikey,32,Spikey.PNG (https://v5.airtableusercontent.com/v1/18/18/1689026400000/8yO_YwwojEbMSsWX1tvzXQ/njVHdesIGqTysjZR3-R-BrNJkz181XGLAWTiUpHwDUioa0d8Vyj4rpTjlOKAXXeWEAAQA3PDgdCdyN4Mj-TSigktBTziKjJfNbsZUfX2jPs/iDc1UAfF9Thljm_YvHeotxll63YE2yQ8LHX_ORH4h8A),"Jalapeno Bots,Pickles,Sanchevastes,The Fatherhood,Sysco Employees,Others,Peaky Blinders,Saul Goodman's Clientele,Time Lords,House Lannister,Verizon Representative,zAll,Subway Customers,House Stark,House Martell,House Frey,House Bolton,House Baratheon,House Mormont,Jedi,Rebel Alliance,The Empire,Waystar Royco,Targothiites,Twitch Chatters,American Illegals,Bolivian Mobsters,Salamancas,E-Corp Executives,Social Justice Warriors,Enlightened Centrists,DEA,Capitalists,Gerhardts,Guilty Remnant,Los Pollos Hermanos Employees,Cryptobros,Communists,Thieves Guild,Vought Supes,Demon Hunters,Imperials,Mages,Necromancers,Paladins"
Curly,33,Curly.PNG (https://v5.airtableusercontent.com/v1/18/18/1689026400000/OZO_Ryo4E_783lPFNvpuLA/LHiz5MWbm3xSLr__TUial_T28p0TSKwotktgSVxqmCoNN6C-Zk16nGpzkmEuh1w-r2W0mxpBEFp63rTccRd2oHi6qquyWtkiawLN-NESzwo/7ASkv7LP_9JAc72DQmhyHdekRhCbkLu9Vzs8yERzQtQ),"Jalapeno Bots,Pickles,Sanchevastes,The Fatherhood,Sysco Employees,Others,Peaky Blinders,Saul Goodman's Clientele,Time Lords,House Lannister,Verizon Representative,zAll,Subway Customers,House Martell,Jedi,Rebel Alliance,Waystar Royco,Targothiites,Twitch Chatters,American Illegals,Bolivian Mobsters,Salamancas,E-Corp Executives,Social Justice Warriors,Enlightened Centrists,DEA,Capitalists,Gerhardts,Guilty Remnant,Los Pollos Hermanos Employees,MAGAs,Incels,Cryptobros,Communists,Thalmor,Thieves Guild,Vought Supes,Mages,Necromancers"
Balding Flat,34,Balding Flat.PNG (https://v5.airtableusercontent.com/v1/18/18/1689026400000/jmkIdKaVsnXwfLFSf5RIjA/enH5gH0IJsxsCUt94ZFa689k1sj-InACpKDprttyZmnfBg1YQjTdZ_tfhUjTUhlyXxbHFBAAr5nLFNesq112yXDtM6Z3V7AmJWvx0EQGY6M/x3JZa_yQ-vZ2WFyw5r0d49dFrhxRBQkjjcrfI4pqHYU),"Jalapeno Bots,Pickles,Sanchevastes,The Fatherhood,Sysco Employees,Others,Peaky Blinders,Saul Goodman's Clientele,Time Lords,House Lannister,Sandwich Artists,Verizon Representative,zAll,Subway Managers,Subway Customers,SLB Employees,ICOMM Employees,House Stark,House Martell,House Bolton,House Baratheon,House Mormont,Jedi,Rebel Alliance,Bounty Hunters,Waystar Royco,Targothiites,Osmans,Twitch Chatters,American Illegals,Bolivian Mobsters,Salamancas,E-Corp Executives,Social Justice Warriors,Enlightened Centrists,DEA,Chechen Mobsters,Capitalists,Gerhardts,Guilty Remnant,Los Pollos Hermanos Employees,MAGAs,Incels,Cryptobros,Communists,Thalmor,Thieves Guild,Vought Supes,Demon Hunters,Imperials,Mages,Necromancers,Paladins"
Short Flat,35,Short Flat.PNG (https://v5.airtableusercontent.com/v1/18/18/1689026400000/ckWATXhizA3arBS1tj3ECg/J0Kp1-8jVvG-Zj3bI87XUOHzI_MrEw2z9_m3LovMnKirOa97oq-Bwyalm-Afw_3VbEv6XDIKCX6TJhPbuvo6X4ZApvxKXI-6d-221Pos-rA/MwZIU2Ss-atgW5YcAwcd3Pdh3YuY4ac-156FlOkrq7A),"Jalapeno Bots,Pickles,Sanchevastes,The Fatherhood,Sysco Employees,Others,Peaky Blinders,Saul Goodman's Clientele,Time Lords,House Lannister,Sandwich Artists,Verizon Representative,zAll,Subway Managers,Subway Customers,SLB Employees,ICOMM Employees,House Stark,House Martell,House Bolton,House Baratheon,House Mormont,Jedi,Rebel Alliance,Targothiites,Twitch Chatters,Bolivian Mobsters,Salamancas,American Illegals,Social Justice Warriors,Enlightened Centrists,DEA,Chechen Mobsters,Capitalists,Gerhardts,Guilty Remnant,Los Pollos Hermanos Employees,MAGAs,Incels,Communists,Thieves Guild,Vought Supes,Demon Hunters,Imperials,Mages,Necromancers,Paladins"
Medium Flat,36,Medium Flat.PNG (https://v5.airtableusercontent.com/v1/18/18/1689026400000/0IfXxZm6rFSBk-DRaGYXmQ/sWvruEzSXM1qwGuriGAq4Gvrvj0lJRgDLjYhYOqeMYG1HFtfHRfeXv1ssfKWmCVbQ-QWmJQKnLLZoDPbzvFbz9ph-EQUQMdyFd6CLiEIbWE/XKA7N3QF2gMOgdpYJ3bVMsO-CSbeF3NIsMnallyAWJY),"Jalapeno Bots,Pickles,Sanchevastes,Sludgeservants,The Fatherhood,Sysco Employees,Others,Peaky Blinders,Saul Goodman's Clientele,Time Lords,House Lannister,zAll,Subway Customers,House Stark,House Martell,House Greyjoy,House Frey,House Bolton,House Baratheon,House Mormont,Sith,Jedi,Rebel Alliance,Bounty Hunters,Targothiites,Hogwarts Professors,Death Eaters,Osmans,Habsburgs,Twitch Chatters,Bolivian Mobsters,Salamancas,Social Justice Warriors,Enlightened Centrists,DEA,Chechen Mobsters,Capitalists,Gerhardts,Guilty Remnant,Los Pollos Hermanos Employees,MAGAs,Incels,Communists,Warlocks,Druids,Vampires,Thieves Guild,Greybeards,Vought Supes,Demon Hunters,Imperials,Lichs,Mages,Necromancers,Paladins,White Walkers,Wildlings"
Wavy,37,Wavy.PNG (https://v5.airtableusercontent.com/v1/18/18/1689026400000/AGe3sbfKiQPu6s7n0HReiw/vaTxTz8eAQSqzQJoASPZGRRobWuOfV27ONOAVWM6Fm2mhe9DmFqBVgIYzGYX-QjXRPDdQnyOuJqP6RNkqOUWOw/po87E4qeiJP0J5qB8mI26gpIeQP3V9vVlUv49Ntxx5Q),"Jalapeno Bots,Pickles,Sanchevastes,Sludgeservants,The Fatherhood,Sysco Employees,Others,Saul Goodman's Clientele,Time Lords,House Lannister,zAll,Subway Customers,Yesters,House Targaryen,House Stark,House Martell,House Greyjoy,House Frey,House Bolton,House Baratheon,House Mormont,Sith,Jedi,Rebel Alliance,Targothiites,Hogwarts Professors,Death Eaters,Osmans,Habsburgs,Twitch Chatters,Bolivian Mobsters,Salamancas,Social Justice Warriors,Enlightened Centrists,DEA,Capitalists,Gerhardts,Guilty Remnant,Los Pollos Hermanos Employees,Communists,Warlocks,Druids,Greybeards,Thalmor,Thieves Guild,Stormcloaks,Vought Supes,Demon Hunters,Imperials,Lichs,Mages,Necromancers,Paladins,Dark Brotherhood,White Walkers,Wildlings"
Shaggy,38,Shaggy.PNG (https://v5.airtableusercontent.com/v1/18/18/1689026400000/MuuYwy1X80_XgmdbTU6w9Q/mF_yrwK7vnHj_mK_NI6DE-AzB-NVGbAEjDzrJBTqk5N4L5w2oRhVzr5vtUOKXfl2iYw2Xs6rXvDbzZPot9vUhfazA4AcZXmrNNjmzZpbBDo/tWQDGIyuDTMi1hleU0rq_7BO0dj-QrI8279-jGrHd-0),"Jalapeno Bots,Pickles,Sanchevastes,Sludgeservants,The Fatherhood,Sysco Employees,Others,Peaky Blinders,Saul Goodman's Clientele,Time Lords,House Lannister,zAll,Subway Customers,House Stark,House Martell,House Greyjoy,House Frey,House Bolton,House Baratheon,House Mormont,Jedi,Rebel Alliance,Targothiites,Death Eaters,Osmans,Habsburgs,Twitch Chatters,Bolivian Mobsters,Salamancas,Social Justice Warriors,Enlightened Centrists,DEA,Chechen Mobsters,Capitalists,Gerhardts,Guilty Remnant,Los Pollos Hermanos Employees,Communists,Warlocks,Druids,Thieves Guild,Stormcloaks,Greybeards,Vought Supes,Demon Hunters,Imperials,Lichs,Mages,Necromancers,Paladins,Dark Brotherhood,White Walkers,Wildlings"
Mohawk,39,Mohawk.PNG (https://v5.airtableusercontent.com/v1/18/18/1689026400000/FxOAu52PIVFNRkmByTtRCw/En36qLsi3CE_WZf36KtqKhrxhlsRyB-YMNBc9UZ23-PO2aFc6SgTNztB7fT7g2yI_-4XAMODuzVcMJ4dNlMipVInzqGGAoCVtA3hnL4XUHU/ZxI8nxiqszsOtNek9FsYfzA_GnDfTK3Zy53iL-oim_8),"Jalapeno Bots,Pickles,Sanchevastes,Sludgeservants,The Fatherhood,Sysco Employees,Others,Saul Goodman's Clientele,Time Lords,House Lannister,AT&T Representatives,zAll,Subway Customers,Yesters,House Martell,House Baratheon,Sith,Jedi,Rebel Alliance,Bounty Hunters,Targothiites,Hogwarts Professors,Death Eaters,Twitch Chatters,Bolivian Mobsters,Salamancas,Social Justice Warriors,Enlightened Centrists,DEA,Capitalists,Gerhardts,Guilty Remnant,Los Pollos Hermanos Employees,Communists,Warlocks,Druids,Thieves Guild,Stormcloaks,Vought Supes,Demon Hunters,Lichs,Mages,Necromancers,Dark Brotherhood,White Walkers,Wildlings"
The Patch,40,The Patch.PNG (https://v5.airtableusercontent.com/v1/18/18/1689026400000/B6etw6K2e-p6Ht6Mye4v9g/_5F5tFgMBAU-lJANkHvkqMmaGKcD4Ccs8xT-_7FYxFJq8v7iuuk1FE8lRStvqVKuECrLvouq6wD2jkAz0o1rOdOO5J6P6J15BHdwGeVYx4U/J2Zx9h-UCI1Dv_kkys0QYbeiEOiD0aWpoUo_rNuTKOI),"Jalapeno Bots,Pickles,Sanchevastes,Sludgeservants,The Fatherhood,Sysco Employees,Others,Saul Goodman's Clientele,Time Lords,House Lannister,Sandwich Artists,zAll,Subway Managers,Subway Customers,SLB Employees,ICOMM Employees,House Frey,Jedi,Rebel Alliance,Bounty Hunters,Targothiites,Twitch Chatters,Bolivian Mobsters,Salamancas,Social Justice Warriors,Enlightened Centrists,DEA,Chechen Mobsters,Capitalists,Gerhardts,Guilty Remnant,Los Pollos Hermanos Employees,MAGAs,Incels,Communists,Thieves Guild,Vought Supes,Mages,Necromancers"